Temperature,Pressure,Flow_Rate,Corrected_Flowrate,Calculated_Diam,Diam,Test_Bench
26.89458781,91.21841322,448.1055385,499.2093785,9.245594618,9.245119,1
25.58607881,96.46942262,475.7209436,500.0327723,9.253216298,9.252871,1
26.11625558,96.96073802,477.3823723,499.6793239,9.249945401,9.249956,1
26.8993422,107.1348276,527.7281263,500.5736033,9.258219044,9.252523,1
25.27243742,98.63898316,485.7216635,499.0529904,9.244146313,9.248853,1
25.0439086,95.28466114,470.6605627,500.4102976,9.256708734,9.254281,1
28.14021414,102.1465561,499.3475546,497.8101532,9.232628367,9.23094,1
26.72753094,92.37660678,454.3825537,499.7164479,9.250289009,9.246277,1
25.18295296,105.8492556,521.7629299,499.4914562,9.248206355,9.248123,1
25.51241366,100.1906417,494.8815184,500.7908679,9.260228005,9.262268,1
25.39291901,96.61033552,477.2078741,500.7021274,9.259407509,9.245289,1
24.54960507,103.977737,512.5926324,499.0145013,9.243789833,9.24699,1
27.01938906,93.51306103,459.2899672,499.217642,9.24567114,9.246728,1
21.71318877,92.73172106,460.5536922,500.327375,9.255941741,9.260477,1
23.8145961,99.52455238,492.3578268,500.1439154,9.254244605,9.259914,1
24.40500179,103.9658631,513.1238467,499.4673468,9.247983158,9.246813,1
23.09218982,93.59358602,462.6019905,499.0877414,9.244468161,9.236734,1
25.20845662,84.86365288,419.9901294,501.5088214,9.266863541,9.264697,1
23.49770341,99.66620063,492.9125086,499.7289049,9.250404305,9.246897,1
23.29966891,99.92844641,494.8715882,500.2313529,9.255053505,9.252866,1
27.69059977,105.1209123,518.9643,502.3525643,9.274655592,9.273841,1
24.33106055,98.90210843,487.3013434,498.5557823,9.23954018,9.242486,1
25.18302636,101.2756108,498.0195729,498.2923799,9.237099091,9.232981,1
24.56958049,102.1979621,505.3052985,500.5037712,9.257573242,9.250504,1
25.57908329,86.68200889,427.607935,500.2044829,9.254804933,9.259567,1
25.59362664,99.01361599,487.7519006,499.5114089,9.248391068,9.243754,1
23.40201224,104.5627179,516.5709853,499.1092537,9.244667393,9.244386,1
25.75357052,104.4747676,514.8220423,499.8081221,9.251137465,9.253896,1
24.65918044,98.58009206,488.9808405,502.1849608,9.273108278,9.276118,1
23.89536495,99.35449168,492.297263,501.0064812,9.262221265,9.256072,1
24.00440768,91.86093578,454.7972766,500.6913828,9.259308159,9.25419,1
26.62697922,95.61991395,469.890875,499.1600745,9.24513804,9.251798,2
25.3791715,102.9667504,507.1605208,499.2681465,9.246138807,9.243244,2
23.99883056,97.28176418,478.5915987,497.5224518,9.229960058,9.2312,2
25.97142752,102.5563567,504.9796239,499.6053395,9.249260584,9.253649,2
24.4492246,107.5068101,533.118327,501.8750118,9.270246151,9.276568,2
24.49397115,99.61463513,493.4498857,501.372475,9.265603753,9.261479,2
21.06221365,99.86392783,495.9736311,499.7724721,9.250807529,9.253024,2
23.27605979,96.29792111,477.3245786,500.6648652,9.259062961,9.257327,2
26.18061558,95.83540307,471.7408147,499.6260649,9.249452428,9.248486,2
27.47064564,101.2514384,498.254375,500.5544876,9.258042269,9.254728,2
25.01288922,100.009327,494.0711318,500.458197,9.257151751,9.251271,2
25.7355382,96.80569813,475.8283798,498.5329975,9.239329046,9.24298,2
24.6194631,101.4015754,501.0772878,500.2558006,9.255279663,9.252272,2
22.75274654,101.4135993,503.8455236,501.3808525,9.265681163,9.259318,2
24.68297864,94.24229622,465.5107212,500.1062239,9.253895892,9.258468,2
24.898284,104.8367104,517.8330277,500.2783547,9.255488298,9.257862,2
25.50338922,98.8363804,490.3610882,503.008044,9.280704498,9.275918,2
26.7228327,101.2461703,498.7274415,500.4322157,9.256911454,9.258086,2
23.49050828,105.2993691,521.6208612,500.5373034,9.257883351,9.258393,2
25.11695393,96.36350174,475.2372867,499.680662,9.249957786,9.253405,2
24.81922923,95.62797556,472.6064772,500.4866008,9.257414444,9.247852,2
24.45513964,97.72957224,483.554889,500.7627697,9.259968216,9.256715,2
26.21301976,96.45753386,475.4306938,500.3134478,9.255812916,9.259751,2
26.23377042,104.4480045,513.2556919,498.8153304,9.241944919,9.241985,2
25.99320265,95.13439591,468.8529724,500.0699027,9.253559846,9.256175,2
23.82200816,97.02537113,481.6494629,501.8750017,9.270246058,9.273616,2
25.5157282,102.7663345,507.4628257,500.6544732,9.258966868,9.259846,2
26.00459526,95.91652455,473.6915833,501.1204335,9.263274537,9.263456,2
26.28535694,99.00445698,487.4595065,499.835821,9.251393806,9.254469,2
24.96001268,103.171609,510.146365,500.8583436,9.260851837,9.2624,2
22.68510457,98.59381481,489.3181492,500.7933414,9.260250874,9.2589,2
24.30207181,100.6073823,496.316937,499.148516,9.245031,9.248349,2
22.00090473,97.87622804,485.6619175,500.1162016,9.253988205,9.248408,2
26.04695803,94.67284346,465.94069,499.4313989,9.247650351,9.255389,2
26.29460762,100.3208555,493.6070466,499.5056567,9.248337818,9.242675,2
24.02097371,102.342098,506.3785457,500.3987471,9.256601901,9.253477,2
27.47591944,100.0050482,492.5344864,500.9795178,9.261972023,9.257818,2
25.29167814,103.9465527,511.7912591,499.0045994,9.24369812,9.252395,2
24.39219828,104.8233218,519.3074996,501.3407409,9.265310518,9.264235,2
25.60690297,97.05347298,478.9534176,500.4183292,9.256783019,9.260438,2
27.76483547,109.4823201,537.2844023,499.4293707,9.247631574,9.245203,2
25.10387736,101.1866304,498.2002113,498.845273,9.2422223,9.240388,2
26.48472132,107.122059,526.9910296,499.5884833,9.249104552,9.242989,2
21.91758246,96.03256423,476.2932465,499.8143098,9.25119473,9.250276,2
25.96253632,106.840102,526.8574237,500.3433778,9.256089764,9.253883,2
24.06313418,104.5321643,516.6101885,499.8492696,9.251518264,9.259282,2
24.3304026,104.8199292,516.4056929,498.5036908,9.239057472,9.244799,2
26.36321101,100.8572053,496.592834,499.9119846,9.25209863,9.253641,3
22.75631293,98.305507,487.3848332,500.3378025,9.256038193,9.251436,3
24.50900307,105.0031826,519.2611974,500.5355842,9.257867452,9.252347,3
25.37372558,101.963853,502.5014088,499.5425777,9.248679607,9.251066,3
27.07561478,89.44401155,441.6274184,501.9040147,9.270514007,9.267114,3
25.88015566,91.13889225,447.3580796,497.9675831,9.234088138,9.236574,3
24.17371118,98.35554329,487.8889759,501.798056,9.26953539,9.27152,3
24.66989567,98.99857108,489.5694144,500.673083,9.259138949,9.252302,3
27.24581577,98.95736565,487.6341354,501.054483,9.262664966,9.253813,3
25.77221853,104.7803225,516.9553877,500.4313078,9.256903058,9.253526,3
24.11107808,91.48909573,453.48425,501.3649111,9.265533861,9.269569,3
25.72263876,103.6792868,510.7143535,499.5985626,9.249197854,9.244839,3
25.19191538,93.58157263,460.420203,498.5551515,9.239534335,9.244148,3
26.52505081,103.8397979,512.6706198,501.4087722,9.265939143,9.261643,3
24.59264252,101.0665794,498.8584769,499.6689318,9.249849212,9.247313,3
24.64746619,99.60077365,492.8214861,500.9327891,9.261540059,9.259149,3
25.06131783,98.82269173,489.088103,501.400219,9.265860111,9.263068,3
22.84419014,105.1663312,519.9954804,499.064269,9.244250772,9.243554,3
25.60315681,105.7078599,522.3368473,501.062237,9.262736637,9.257158,3
23.99293239,100.3904627,495.6285325,499.2735799,9.246189119,9.244461,3
25.79491594,96.57441348,475.886655,499.8377714,9.251411856,9.25207,3
25.00798566,104.1552085,514.3868976,500.2927006,9.255621002,9.262249,3
23.72545147,98.12524878,484.4059317,499.0084088,9.243733404,9.236705,3
22.29684048,101.8181195,504.4186774,499.5716685,9.248948901,9.257917,3
26.15220925,105.0585974,519.2353658,501.6255704,9.267942121,9.267641,3
23.79189188,106.7333118,529.0600357,501.1096265,9.263174652,9.254902,3
25.68920855,94.90276634,468.1247395,500.2574312,9.255294746,9.254307,3
24.92614684,104.9310152,518.5079824,500.5036193,9.257571837,9.261822,3
28.38885928,93.22619236,457.1870103,499.5967658,9.249181221,9.244755,3
24.57180505,103.7663451,514.15145,501.5704072,9.267432513,9.264789,3
25.01849887,101.3451767,499.8848741,499.6775408,9.249928896,9.253388,3
26.42385464,93.9271095,462.9275319,500.4561669,9.257132974,9.26299,3
22.07883138,94.46463662,469.689108,501.2018358,9.264026872,9.273662,3
25.22330384,98.7418586,487.3707459,500.184443,9.254619542,9.251943,3
25.84289611,99.07839936,490.0508398,501.7468209,9.269062154,9.272237,3
29.16662458,93.35771735,456.008531,498.2482667,9.236690207,9.241903,3
24.92427273,103.2375636,511.4520624,501.7893881,9.26945533,9.266655,3
25.82604177,100.1794673,493.7690204,499.983132,9.252756985,9.248394,3
26.85049403,98.96572364,487.4168675,500.4593104,9.257162048,9.257311,3
23.30376885,95.18813525,469.41584,498.1331541,9.235623148,9.244747,3
26.96505851,99.27016119,487.6617367,499.2704769,9.246160386,9.245818,3
27.01589035,106.4395729,522.9781133,499.4052446,9.247408207,9.248837,3
27.11569237,103.0909849,506.2107708,499.178174,9.245305653,9.244498,3
24.62619155,99.32054091,490.4704549,499.9318424,9.252282387,9.246945,3
27.68323913,102.1263099,502.9099155,501.0805055,9.262905492,9.267799,3
22.13996972,98.24210082,487.6261911,500.3867133,9.256490598,9.264362,3
27.20535929,99.68734298,490.9309285,500.714426,9.259521226,9.264007,3
27.52592439,104.2528508,511.2808739,498.8993903,9.242723608,9.247171,3
23.84117211,90.20095002,445.404067,499.2371271,9.245851574,9.246862,3
23.68484652,107.7018527,534.9000081,501.9944439,9.271349114,9.269297,3
25.20137329,101.9214847,502.4045799,499.5096784,9.248375048,9.243988,3
24.59135833,99.99039887,495.7370489,501.8855564,9.270343536,9.272988,3
23.01502276,100.7200149,498.8880112,500.0877405,9.253724884,9.252579,3
25.51928503,100.0889507,494.0424092,500.4554398,9.25712625,9.253156,3
24.71682788,94.62091726,468.5523444,501.3881554,9.265748643,9.271386,3
26.15053937,107.3633812,530.6092525,501.6079681,9.26777951,9.266498,3
23.53774617,99.65722111,492.7220315,499.6145205,9.249345568,9.244183,3
28.14796698,100.824805,494.8764785,499.8268253,9.251310555,9.256682,3
24.81722293,104.2099117,514.8168696,500.2879318,9.255576889,9.249166,3
23.69620186,99.21339047,491.5177671,500.7566399,9.259911541,9.267513,3
26.76832588,99.61567344,491.1011443,500.8835985,9.261085315,9.25772,3
23.77958308,96.1943851,475.7804754,500.0065181,9.252973375,9.256116,3
25.21801727,103.9166048,513.3908168,500.6466561,9.258894584,9.257106,3
28.09249424,91.79286572,452.5451035,501.9992839,9.271393809,9.274164,3
22.57623346,100.1503061,497.2318687,500.8914739,9.261158122,9.255573,3
25.47113313,98.27662377,485.0718076,500.3894148,9.256515585,9.253912,3
25.36002032,101.4826473,499.551591,498.9534779,9.243224614,9.240816,3
26.28441859,105.0599036,514.9676908,497.6063138,9.230737922,9.236705,3
22.42236762,94.16768846,467.3329122,500.55109,9.258010848,9.251802,3
22.03927692,95.69431049,474.7337042,500.0417605,9.253299463,9.257415,3
27.07879115,99.55082901,489.5733891,499.9092007,9.252072869,9.247015,3
24.910256,93.32705347,461.2148843,500.5412035,9.257919419,9.252857,3
24.73219501,103.216226,510.5254076,500.8223439,9.260519015,9.266815,3
24.00462973,102.0461115,505.6073798,501.0721129,9.262827919,9.267451,3
23.60074161,88.6138201,438.8002509,500.4415414,9.256997707,9.257075,3
24.4560632,99.16211358,489.2034051,499.2943164,9.24638113,9.251246,3
26.77112008,93.52549519,461.1168129,500.9293801,9.261508546,9.263964,3
24.78583569,92.44217392,456.4245881,499.9796088,9.252724384,9.254718,3
27.38254901,94.49990069,465.2966241,500.7677424,9.260014193,9.271172,3
27.50007624,100.0022037,492.1256698,500.5980414,9.258445035,9.255806,3
24.04936887,108.0778509,533.7671033,499.4949294,9.248238509,9.240351,3
25.84120688,102.56812,505.4910581,499.9451146,9.252405201,9.254828,3
21.76342321,95.55107053,474.4846621,500.2947319,9.255639791,9.2542,3
27.99883384,102.5166263,503.5372029,500.057435,9.25344449,9.251147,3
25.79571402,99.36008226,489.6774983,499.9037672,9.252022588,9.251877,3
22.63492746,99.7018966,492.4633334,498.3684478,9.237804118,9.241858,3
27.31199202,98.7436307,485.5088557,500.0056062,9.252964938,9.25408,3
27.5489857,91.16249639,449.2040703,501.2859051,9.264803793,9.269869,3
27.37129485,97.01859015,476.7376457,499.751553,9.250613921,9.260794,3
28.36812131,98.31705824,482.4703067,499.9084324,9.252065759,9.25382,3
25.17798358,99.3454656,491.1442518,500.9565403,9.261759619,9.260108,3
24.60945742,99.46884904,490.4480435,499.149608,9.245041113,9.240012,3
24.3349248,98.39168479,484.9722956,498.7501652,9.241341216,9.232432,3
24.08717814,102.4810827,506.2585054,499.6572932,9.249741485,9.248281,3
25.06249826,94.29177727,464.9795464,499.591438,9.249131903,9.249413,3
25.56478312,103.6076276,509.8183684,498.9352015,9.243055325,9.24901,3
24.94956276,94.52084612,466.7555454,500.1895265,9.25466657,9.260351,3
26.13026857,101.3693365,500.6269857,501.2319347,9.264305036,9.264211,3
23.84978523,91.11753718,450.4310521,499.800235,9.251064472,9.250134,3
27.2065464,98.56387257,484.6572079,499.9510755,9.252460359,9.242487,3
23.96157142,108.1484623,536.8481121,501.9759416,9.271178253,9.274072,3
28.35256176,102.276112,501.8646931,499.8618305,9.251634506,9.248848,3
26.17342164,103.7336104,511.5632265,500.5439464,9.257944785,9.254267,3
24.85826538,101.5736793,501.025632,499.5568905,9.248812102,9.242486,3
24.18239871,95.42453732,470.9803354,499.2934485,9.246373094,9.25449,3
24.64583317,101.6225401,501.6144932,499.7253455,9.250371361,9.254268,3
24.02258472,92.65547966,458.1141309,500.0333707,9.253221835,9.25084,3
26.87657913,108.589167,534.2704028,499.9729612,9.252662873,9.246234,3
25.07299089,92.56493111,459.0570926,502.438394,9.275447871,9.278886,3
24.82228177,103.2414861,509.2740957,499.5480992,9.24873072,9.246336,3
24.2423485,102.9133266,508.1092665,499.5079819,9.248359343,9.248624,3
22.10147082,108.6955873,539.8380137,500.6562279,9.258983093,9.258149,3
24.5092592,95.36500493,471.4754589,500.4051759,9.256661362,9.241468,3
25.38407907,103.973634,513.3291538,500.451163,9.257086695,9.247399,3
24.97011488,113.3752266,561.4771508,501.6509024,9.268176132,9.266984,3
23.47122828,95.00308528,467.8661565,497.5962225,9.230644323,9.231866,3
24.16502609,94.43925135,464.2317138,497.2590982,9.227516886,9.227325,3
26.00833212,91.35599551,449.7753169,499.5755255,9.248984605,9.243712,3
23.7594855,103.9026225,515.5671903,501.6061324,9.267762552,9.264887,3
25.74495512,92.70569472,455.6687444,498.5332834,9.239331696,9.250485,3
25.35524868,97.42774997,477.6582009,496.9384374,9.224541194,9.224272,3
24.40864988,102.9249973,509.5920366,501.0488811,9.262613185,9.269851,3
25.73059942,104.5493984,515.7624281,500.3444248,9.256099448,9.26336,3
25.61912263,101.5199719,499.5218512,498.9567433,9.243254861,9.247112,3
26.81629999,102.5286753,503.7826837,499.2592972,9.246056866,9.251894,3
27.0881766,102.7289173,504.7423162,499.4614813,9.247928856,9.245935,3
23.070141,94.47786172,468.8027648,501.0250494,9.262392901,9.264658,3
23.72370621,98.436832,486.7376771,499.8218556,9.251264563,9.249837,3
25.34605913,100.0775943,494.7088319,501.0420159,9.262549729,9.260498,3
25.37350324,104.2319939,511.2640519,497.1935835,9.226908996,9.22773,3
24.82061758,103.1754783,508.4275498,499.0353877,9.243983282,9.24156,3
32.19127979,102.0034841,496.6053306,499.0926454,9.244513579,9.248087,3
25.02343834,102.4331592,505.5487547,499.9758103,9.252689236,9.254859,3
26.28366956,96.69686718,475.6253711,499.3383984,9.246789296,9.260193,3
25.9921972,108.6335626,536.3192827,500.9452554,9.261655301,9.26221,3
26.74828016,105.3887738,517.0660674,498.4604585,9.238656838,9.233324,3
24.40588387,102.2024037,505.3145895,500.3536095,9.256184404,9.255831,3
27.17426039,107.8589521,531.4082896,500.9096228,9.2613259,9.258368,3
23.43564421,92.7000677,460.7243575,502.1439369,9.272729506,9.27518,3
24.95401771,97.96994223,483.181042,499.5661314,9.248897645,9.245593,3
23.74544439,101.4582297,502.2095749,500.3702884,9.256338677,9.260322,3
26.83167305,102.5918659,502.8456055,498.0364518,9.234726651,9.23217,3
27.68128904,95.28275674,466.648152,498.3434763,9.237572678,9.244115,3
22.53146774,101.934897,506.2893965,501.0488095,9.262612524,9.262907,3
26.60472295,107.1705285,527.6921136,500.1269838,9.25408796,9.248342,3
22.99127552,102.6183633,509.3400989,501.0998751,9.263084522,9.269473,3
24.25313646,100.036258,494.0925623,499.7072945,9.250204289,9.248059,3
26.63606037,98.8911147,487.1637872,500.3979037,9.256594101,9.261899,3
25.22927863,99.65180214,493.5836174,501.9401635,9.270847847,9.274569,3
23.37313133,103.9976285,515.4876429,500.7444567,9.259798895,9.26104,3
24.74995377,99.58431611,492.3837072,500.6566454,9.258986954,9.254299,3
27.77728887,102.0589493,501.9134378,500.4959357,9.257500777,9.26086,3
23.58633121,97.15910217,479.9055676,499.1714011,9.245242932,9.242161,3
24.39733565,93.67801971,464.4277425,501.7074202,9.268698211,9.268525,3
25.10214622,91.97638269,453.2418448,499.2723331,9.246177575,9.246794,3
26.05738148,109.630871,540.8406044,500.6273997,9.25871652,9.260489,3
27.71316021,92.65583386,454.1100576,498.7293154,9.241148051,9.245638,3
27.28021614,102.4194475,503.2417466,499.6410081,9.249590748,9.244417,3
23.32056173,104.258322,517.3120684,501.2157458,9.264155424,9.266693,3
24.96449029,93.27243049,460.601232,500.2134707,9.254888079,9.251204,3
24.53405761,100.1247693,496.2746346,501.7072498,9.268696637,9.272917,3
27.59994747,105.3242991,517.9975781,500.3731185,9.256364854,9.246669,3
23.62687309,100.4617862,495.3460307,498.3275038,9.23742464,9.250411,3
24.77521007,112.8424382,558.1169709,500.8393378,9.260676128,9.259098,3
25.42122023,97.47848413,480.6398124,499.8353695,9.251389627,9.250811,3
25.63756524,101.3064309,500.5918814,501.0950181,9.263039631,9.257359,3
22.81259723,102.7432182,509.5201867,500.516828,9.257693993,9.255193,3
23.68029295,103.4963925,510.5959951,498.6528904,9.240439969,9.244979,3
24.41314463,100.1676605,495.0807268,500.1843482,9.254618665,9.250093,3
23.54252623,94.60674796,469.914346,501.928587,9.270740938,9.275161,3
27.92352079,100.7377448,495.73385,500.9387984,9.261595611,9.257563,3
24.54055083,94.61169442,467.5999031,500.2696491,9.255407768,9.25789,3
23.45683424,102.3578918,507.5326284,500.9856086,9.262028325,9.254915,3
27.10193964,104.4149437,513.8235699,500.2490964,9.255217644,9.255965,3
26.78793256,99.85228929,491.6480519,500.2695066,9.255406449,9.252643,3
26.92924032,104.4082954,512.3096708,498.6634795,9.240538081,9.235608,3
23.7416968,99.16569247,490.6865169,500.1885433,9.254657475,9.255834,3
23.46641813,101.5196214,503.2772621,500.8952943,9.26119344,9.258598,3
28.25479601,98.44950143,482.565141,499.2401941,9.245879974,9.239397,3
24.35276006,96.50959336,478.2112376,501.4028866,9.265884759,9.271175,3
25.23697025,99.73851077,491.7234226,499.6201925,9.249398071,9.244569,3
26.22012427,106.3432379,523.7370065,499.9190076,9.252163618,9.25297,3
24.12834948,100.1210354,496.4621511,501.5733943,9.26746011,9.262034,3
25.06771601,101.1926005,499.0930596,499.6794999,9.24994703,9.251782,3
20.64216598,99.05310688,493.5480413,501.0412413,9.262542569,9.264027,3
22.87291334,102.74892,509.00453,500.0334809,9.253222855,9.253064,3
24.84816839,104.2220995,515.0660133,500.4974996,9.257515241,9.266984,3
22.16803935,110.3498848,547.7643917,500.4479787,9.257057244,9.256279,3
27.46519741,93.12953252,458.5326937,500.8185291,9.260483746,9.262132,3
22.2768572,99.32727206,490.5867236,498.0400966,9.234760443,9.242416,3
23.88828581,100.117424,493.7778679,498.6779975,9.240672594,9.238584,3
26.22318075,102.6229128,506.8552756,501.346651,9.26536513,9.265447,3
28.08039252,100.0326824,491.6608117,500.4550909,9.257123024,9.258873,3
23.40306036,95.73369851,474.2251468,500.4526414,9.257100368,9.260558,3
26.02551105,102.374214,502.903402,498.4815084,9.23885191,9.23962,3
24.87804325,103.1528463,508.5670498,499.3299396,9.246710975,9.244231,3
24.5375603,94.36041172,464.2960374,498.055261,9.234901032,9.241334,3
25.8994429,103.4501209,510.1844815,500.3337269,9.256000495,9.255857,3
27.1380867,106.2395414,521.6332123,499.1604156,9.245141199,9.235914,3
24.49466306,98.43959792,485.1797961,498.8545812,9.242308527,9.23975,3
25.34873996,101.8510165,502.3245978,499.8991141,9.251979529,9.245901,3
24.29019226,103.3414137,511.2845539,500.5876598,9.258349033,9.261628,3
25.3704317,93.30157426,462.1690721,502.1008736,9.272331888,9.268598,3
25.97884363,98.96499661,486.5882313,498.8858329,9.242598023,9.244316,3
28.01010673,93.97868463,463.0784013,501.6674494,9.268328987,9.272065,3
23.96080349,101.7434915,504.4277529,501.3529748,9.265423565,9.262061,3
27.71005797,93.02521859,456.9989632,499.9065436,9.25204828,9.252829,3
21.17344359,107.1378011,532.8029558,500.5279839,9.257797165,9.264516,3
23.49516833,100.4463006,496.4231927,499.3772977,9.247149459,9.238741,3
26.3634693,98.8502543,487.5703627,500.7947015,9.260263449,9.261699,3
24.69396285,96.49404399,477.9790841,501.5275841,9.267036888,9.270052,3
22.55128278,101.8925842,506.0925028,501.0787318,9.262889098,9.265603,3
25.07925058,109.3519247,540.9456559,501.1807286,9.263831802,9.263966,3
26.23024824,92.20648148,454.0950778,499.9066971,9.2520497,9.251607,3
24.21139968,105.4784978,519.5074857,498.2670957,9.236864734,9.238076,3
27.00327123,99.93556248,491.3373695,499.7160681,9.250285495,9.247677,3
25.69689525,93.7110246,463.6688289,501.8034315,9.269585039,9.262106,3
23.98646837,96.94377864,477.9929,498.6220953,9.240154636,9.236992,3
27.13870718,107.7423686,529.0203732,499.1687827,9.245218684,9.251257,3
25.34324337,99.22116967,489.9998127,500.5539151,9.258036974,9.264833,3
26.51983741,96.88749814,476.4571034,499.4242421,9.247584092,9.233317,3
26.28571662,101.7430976,500.5977405,499.4911165,9.248203211,9.242356,3
23.35543964,103.6581067,512.7624865,499.7138009,9.25026451,9.249364,3
25.0037602,94.45217644,465.0230643,498.7405821,9.241252432,9.241733,3
26.08972059,100.2985574,493.6441046,499.4832478,9.248130365,9.24673,3
25.44874653,96.59738968,477.449375,501.0694988,9.262803757,9.259879,3
25.47102999,108.5946206,534.3132787,498.8154402,9.241945936,9.238656,3
24.60214009,110.665321,545.4172422,498.9267616,9.242977148,9.257859,3
27.03763321,103.5414709,508.8485819,499.5312648,9.248574881,9.248927,3
24.20580367,101.280251,501.24689,500.6764569,9.259170145,9.263166,3
26.73506775,108.3137638,532.8304703,499.775387,9.250834506,9.245191,3
25.1527347,101.9740562,502.6363845,499.4417967,9.247746615,9.249229,3
24.75470798,94.83116825,468.4158952,500.1626358,9.254417797,9.253183,3
27.36149,105.5883184,517.8941333,498.8244099,9.24202903,9.242012,3
27.38078019,109.0043297,536.3776602,500.4531771,9.257105323,9.254815,3
26.73862218,97.13644821,478.6694528,500.6399778,9.258832829,9.252995,3
27.06598268,100.0859974,491.905092,499.5936847,9.2491527,9.253217,3
24.14762859,102.7089574,508.8257519,501.1278318,9.263342916,9.256007,3
25.32409421,101.6622616,500.1308662,498.6194915,9.24013051,9.226319,3
24.40568134,95.03627931,470.7364492,501.2617475,9.264580549,9.261216,3
25.12911538,103.5708279,511.4007356,500.2963821,9.255655056,9.253025,3
24.76455694,107.2798544,529.7518192,500.0255338,9.253149323,9.251713,3
25.28798139,101.8635283,502.7872065,500.2471106,9.255199275,9.253357,3
26.3900051,98.14159985,483.0275441,499.7332176,9.250444221,9.242103,3
23.81979489,94.91970363,471.0768023,501.7455424,9.269050344,9.271919,3
28.60345715,104.5808888,512.2676346,499.1864118,9.245381939,9.239391,3
23.63932974,104.6043173,516.9711558,499.4969988,9.248257667,9.243129,3
21.79711716,103.4381543,514.5845911,501.2335482,9.264319947,9.273629,3
26.13266476,98.00698288,482.2980077,499.4491378,9.24781458,9.247405,3
26.17942837,97.06871399,479.2852016,501.1658738,9.263694512,9.262413,3
25.12890867,97.22242098,481.7295291,502.0421125,9.2717893,9.276247,3
26.49246481,105.2372095,517.386001,499.2741363,9.246194271,9.236251,3
26.22969296,103.2671526,509.3938559,500.7197341,9.259570306,9.261648,3
24.66818983,93.87388235,462.6487706,498.9698236,9.243376017,9.246645,3
25.05362468,103.5236084,511.9835507,501.0315845,9.262453308,9.261498,3
25.20230204,101.7822265,502.970603,500.7574173,9.259918729,9.253509,3
26.67418019,107.5791449,529.975817,500.441516,9.256997472,9.253377,3
24.62659945,95.98189904,473.4835959,499.4050394,9.247406307,9.246148,3
23.40170221,95.73803482,472.2884867,498.3851564,9.237958973,9.241033,3
24.39106897,99.70367014,493.0800635,500.4627938,9.257194265,9.256991,3
25.42826457,102.225264,502.2208519,498.0324409,9.234689465,9.22972,3
24.38222534,106.064801,524.1808546,500.1138902,9.25396682,9.249506,3
23.98709989,104.4219725,517.139178,500.8250312,9.26054386,9.25824,3
25.46781533,100.0712208,494.061427,500.5202421,9.257725567,9.260993,3
25.79515348,97.07856087,480.0934301,501.637772,9.268054837,9.264076,3
25.23256994,104.0679326,514.5469923,501.0567078,9.262685529,9.266415,3
25.10560814,92.03449246,453.6844606,499.4472548,9.247797147,9.244518,3
24.33440143,108.9081796,538.9392016,500.7297713,9.259663113,9.251285,3
21.01243264,98.10478649,487.5683649,500.0701886,9.253562491,9.257066,3
23.68954427,104.8367768,516.4793688,497.9574502,9.233994187,9.23299,3
22.99717464,104.302683,515.1742176,498.6599344,9.240505235,9.239206,3
24.61125522,98.86799276,487.9721062,499.649448,9.249668868,9.246746,3
24.68877658,100.2422873,493.4020522,498.3479108,9.237613778,9.232477,3
25.961549,100.0703804,493.4914334,500.3601302,9.256244718,9.266101,3
26.79258648,103.2804054,508.2505711,500.0011992,9.25292416,9.247312,3
25.42945858,97.77671456,481.17811,498.875784,9.242504938,9.244862,3
24.63909289,100.2486423,495.548436,500.4423355,9.257005052,9.246842,3
21.65292423,100.0599754,497.8516575,501.1843459,9.263865232,9.268657,3
24.66254696,99.77575384,492.6938453,499.93743,9.252334092,9.261,3
24.96086505,91.97184056,453.6283962,499.6044475,9.249252327,9.253437,3
24.47489416,98.48020199,486.753161,500.2493297,9.255219803,9.256234,3
23.99667352,97.09842072,480.8361099,500.7977668,9.260291789,9.263935,3
25.86753738,93.52792737,461.4231769,500.4935252,9.257478484,9.252958,3
27.83357699,90.74528204,445.2639338,499.4096182,9.247448699,9.242977,3
25.02654505,89.97971164,444.544976,500.4951658,9.257493656,9.258063,3
24.97276588,97.00358674,479.885365,501.1172147,9.263244786,9.263725,3
27.03264461,96.10538938,472.3225276,499.5462987,9.248714053,9.25006,3
24.37927211,111.080492,550.8758255,501.8487053,9.270003191,9.272327,3
25.41566032,97.02487837,478.6449985,500.0833378,9.253684149,9.250107,3
24.41893763,97.49628451,481.8312517,500.1413192,9.254220586,9.260267,3
24.91405246,99.56887667,490.917655,499.3808486,9.247182335,9.249946,3
23.27688329,103.195884,511.755518,500.8999529,9.261236507,9.25931,3
25.00705572,99.5784298,489.6144692,498.0851043,9.235177704,9.23077,3
27.1307788,94.32225035,463.2698922,499.3162821,9.246584518,9.245931,3
26.24778955,106.3237466,522.4227845,498.7790127,9.24160847,9.234052,3
25.32873519,108.432352,535.246265,500.3149769,9.25582706,9.257535,3
29.43315143,95.70416286,470.14829,501.3239369,9.265155239,9.27068,3
23.7919859,99.0008841,490.6906911,501.0679088,9.262789061,9.262797,3
25.9066764,98.36122134,483.400777,498.5999392,9.239949343,9.240615,3
26.15494152,93.68975345,462.9907097,501.5672399,9.267403253,9.262152,3
27.93049275,101.3969319,498.7120813,500.6779006,9.259183495,9.258668,3
25.25705986,97.8074722,481.8357916,499.2563617,9.246029683,9.240435,3
24.34886164,106.9327064,528.5708798,500.1812034,9.254589572,9.252065,3
23.83497748,103.0478925,509.8178813,500.1902582,9.254673339,9.255614,3
23.53213757,101.7378719,502.6574641,499.2605204,9.246068192,9.24873,3
23.85708128,104.2106404,516.2861737,500.9032741,9.26126721,9.253479,3
24.51787254,104.6891957,516.9867155,499.8452169,9.251480759,9.257107,3
25.55006012,96.42721938,475.3225935,499.8025968,9.251086329,9.25626,3
26.58893993,96.47432959,474.8405643,499.9190256,9.252163785,9.264119,3
29.08538966,98.66410596,482.0556777,498.31357,9.237295494,9.237501,3
26.54963887,105.4269413,518.9674258,499.9466249,9.252419176,9.253524,3
23.66958111,102.8267403,508.8061125,500.1319091,9.254133528,9.259196,3
24.0973571,90.19963835,446.3363202,500.5050592,9.257585154,9.258959,3
25.32959223,95.1296805,470.2878114,501.0684348,9.262793923,9.253424,3
24.62969063,96.91105004,479.1656741,500.5551978,9.258048836,9.257467,3
27.94958965,98.59728971,483.9914641,499.7120771,9.250248555,9.254673,3
26.59516902,107.9232928,531.9270542,500.6163468,9.258614311,9.261514,3
24.53474675,91.75675779,452.4190464,499.0834289,9.244428221,9.243823,3
21.51995349,100.3786373,497.7426279,499.3712169,9.247093159,9.245646,3
26.40209803,104.1485377,512.2971539,499.4557162,9.247875483,9.248668,3
25.82850066,109.7003336,541.4821279,500.7122274,9.259500898,9.2593,3
26.46405376,98.72109898,487.2808144,501.2362358,9.264344785,9.261506,3
21.92317527,100.7222427,500.0643274,500.3309757,9.255975047,9.255695,3
24.60342703,102.8326832,509.0739194,501.1527329,9.263573061,9.255237,3
25.99714367,99.88856676,491.7001137,499.4810267,9.248109803,9.248032,3
25.70968587,99.26130897,489.9189617,500.5759232,9.258240498,9.258899,3
25.17193756,105.2908057,519.3604712,499.8193636,9.2512415,9.247176,3
25.46667858,92.75193776,458.4098258,501.0487641,9.262612104,9.265675,3
22.43221136,100.3291155,496.9815123,499.6253152,9.249445489,9.24826,3
26.01243101,102.3641765,504.5584771,500.1601373,9.254394683,9.254791,3
25.03843357,100.9328935,498.8327342,500.6793233,9.25919665,9.254734,3
25.68353349,106.0909222,524.5247848,501.4117342,9.26596651,9.266814,3
27.16356792,99.13781921,486.9512756,499.3736953,9.247116106,9.24538,3
23.83020937,101.6635599,502.7635227,499.9818515,9.252745137,9.254366,3
23.14074457,105.9211236,523.3059971,498.9123033,9.242843222,9.245512,3
28.64026699,95.03674914,464.3501134,497.9647912,9.234062252,9.232365,3
25.11583235,100.0348618,493.8448537,500.1876303,9.254649028,9.258475,3
24.67315029,100.1548889,495.6106089,501.002284,9.262182468,9.257929,3
27.46948781,104.6658905,514.8445936,500.3473311,9.256126331,9.265384,3
25.47495616,101.7123885,499.2860691,497.6576493,9.231214054,9.233404,3
28.0152971,95.81089045,470.2303452,499.6780563,9.249933668,9.245903,3
25.58215454,95.41838149,468.278006,497.6279198,9.230938318,9.228623,3
28.59484395,99.86521768,491.5213488,501.5798719,9.267519953,9.26566,3
28.53739177,102.2302958,500.3775873,498.7568231,9.241402898,9.247637,3
24.45283923,101.4445931,502.9110372,501.7331961,9.268936304,9.271221,3
25.92794918,101.7858691,502.7403353,501.1185469,9.2632571,9.268297,3
25.28445703,90.03373798,443.5100527,499.2461308,9.245934947,9.235866,3
25.67817989,105.4842735,519.296194,499.2639827,9.246100252,9.248324,3
25.19477016,102.3543903,505.8873648,500.8395423,9.260678018,9.260187,3
25.30167092,105.6137462,520.3507063,499.3496463,9.24689344,9.241585,3
26.52169651,104.2255,513.2049817,500.0711246,9.25357115,9.248375,3
22.2542808,103.9371374,514.555034,499.1849815,9.245368694,9.249865,3
23.55566725,103.1953931,508.7687515,498.2130267,9.236363555,9.247029,3
22.65295464,103.5455743,510.8336567,497.7843683,9.232389255,9.236573,3
25.34124486,102.2418982,504.823308,500.4588015,9.257157341,9.258381,3
25.7390053,99.4596305,489.8528816,499.5348982,9.248608517,9.248987,3
27.22819429,109.7403547,539.4891006,499.8532901,9.251555471,9.255122,3
25.42307713,103.0170946,508.8384365,500.7119689,9.259498507,9.259033,3
27.35640497,102.2320325,503.9814976,501.3563299,9.265454568,9.271868,3
24.23535699,96.74687668,478.410351,500.2826515,9.255528045,9.247229,3
22.91315755,94.17324106,466.4233113,499.9619489,9.252560974,9.251162,3
25.56783679,98.15770773,484.6898042,500.6821318,9.259222619,9.264493,3
26.17325912,104.2812526,512.3310315,498.6624811,9.240528831,9.236,3
25.93106327,100.5064179,495.5412319,500.2331836,9.255070441,9.255438,3
22.13460302,98.17940541,487.4265462,500.496702,9.257507864,9.250648,3
23.99369598,107.9339233,534.4115134,500.7179281,9.259553608,9.257625,3
23.44306171,101.9756604,503.1302144,498.489947,9.23893011,9.241788,3
25.61599115,96.16294039,473.5593018,499.3720782,9.247101134,9.248309,3
25.25343486,100.3424129,493.9906456,498.9168048,9.242884919,9.242113,3
24.12995333,96.51131848,477.8526804,500.8303377,9.26059292,9.263756,3
25.25791193,97.081669,479.715965,500.7767341,9.260097329,9.253792,3
23.5271334,97.16445523,482.002252,501.2746274,9.264699574,9.259319,3
25.23760611,96.45703384,475.4994077,499.5724798,9.248956412,9.247908,3
27.80937469,93.5158141,459.1762874,499.7356934,9.250467135,9.246568,3
23.80197582,99.55502469,494.2099977,501.8610496,9.270117201,9.265273,3
27.80733211,96.52604947,474.3649403,500.1641432,9.254431743,9.254746,3
24.72874581,89.84630937,445.2304753,501.7604637,9.269188169,9.265682,3
22.59011868,111.3863804,553.0232586,500.9085739,9.261316204,9.261149,3
25.50446068,103.3949721,508.7408225,498.8542871,9.242305803,9.258596,3
23.83300531,99.1736061,489.2720966,498.7836176,9.24165113,9.241697,3
25.23684061,101.2746464,498.0151057,498.337595,9.237518168,9.244055,3
23.80806917,96.45738715,477.8164406,500.8010135,9.260321807,9.26506,3
27.94324571,107.134802,527.6585387,501.3776198,9.265651293,9.269803,3
24.23467165,109.2745196,542.4817736,502.2472571,9.273683427,9.267709,3
23.8936443,101.7912728,504.7389931,501.3701604,9.265582366,9.261634,3
24.78307953,101.8187977,503.888276,501.1384098,9.263440682,9.262872,3
24.49611534,102.6394592,506.0561134,499.0297861,9.243931401,9.245855,3
25.2099794,96.62767992,475.8522852,499.0372107,9.244000167,9.247022,3
27.27367843,97.02613432,478.1752216,501.1381406,9.263438194,9.261691,3
26.53226521,100.8035875,496.9635312,500.6925061,9.259318546,9.261155,3
23.40733598,99.74846711,493.8689717,500.2094424,9.254850814,9.263674,3
24.56972464,98.90675925,489.150483,500.6247971,9.258692453,9.257081,3
25.58489607,101.9803579,503.8485494,500.9778189,9.261956319,9.265789,3
21.18978107,104.604231,521.3013137,501.5983371,9.267690538,9.269111,3
22.72670053,98.8370619,491.0683993,501.3829751,9.265700776,9.264241,3
27.16132755,93.19549053,458.8838599,500.594161,9.258409152,9.250042,3
26.97877784,97.93957259,482.7759256,500.9948472,9.262113724,9.260969,3
25.21265627,96.50478795,477.3094775,501.2050845,9.264056896,9.274183,3
25.87412433,103.6495295,510.5255564,499.6838401,9.249987201,9.2518,3
25.88152456,94.68393356,467.5420643,500.9506264,9.261704951,9.256903,3
29.05270208,102.1371498,499.3991091,498.6608109,9.240513355,9.242489,3
26.45126864,107.1312348,529.1704261,501.5835866,9.26755427,9.269612,3
25.44990963,97.77955601,481.8677967,499.5934282,9.249150326,9.25379,3
23.38706448,93.22620746,461.9718776,500.6209872,9.258657222,9.259509,3
23.98555341,102.7397885,507.3412607,499.3796779,9.247171497,9.254502,3
25.10546831,98.40995018,486.3917874,500.7644238,9.25998351,9.251468,3
24.13398743,95.05849285,469.3597297,499.4507827,9.247829809,9.251674,3
23.66606256,99.8583022,492.8331923,498.8287893,9.2420696,9.237001,3
23.06636637,105.5465195,523.348606,500.6609496,9.259026753,9.264322,3
22.15707139,102.7688862,509.4317355,499.7505818,9.250604932,9.255818,3
26.48647022,96.55252038,476.2086426,500.8677081,9.260938411,9.261449,3
27.36939771,89.97025701,442.4002405,500.0859886,9.253708675,9.252145,3
24.67414743,98.86425524,488.7054592,500.4721135,9.257280459,9.260838,3
29.23856567,97.96671733,479.7134083,499.5489179,9.2487383,9.245578,3
24.79286676,101.1985511,499.1702325,499.4970398,9.248258047,9.245623,3
23.94648718,100.9459972,499.5008547,500.3661595,9.256300486,9.258168,3
28.54126858,99.73298451,490.5285661,501.1859612,9.263880161,9.253692,3
27.41293473,109.5670265,540.2396426,501.4946723,9.266732817,9.261119,3
25.09025845,102.9040782,507.1867708,499.3562644,9.246954716,9.234535,3
25.72076666,99.44812563,491.3275081,501.0813456,9.262913257,9.258171,3
24.55461951,101.0481419,496.5063944,497.3720078,9.228564445,9.231022,3
23.47019562,99.45341005,491.643497,499.4856519,9.248152621,9.248862,3
27.07303713,106.0637896,521.1311028,499.4521643,9.247842599,9.247463,3
27.55073567,99.62711554,488.6808328,499.0074535,9.243724556,9.246211,3
22.38849948,99.71827407,493.0437629,498.6660327,9.240561737,9.241841,3
25.94192301,99.18031814,488.9600857,500.1983936,9.254748601,9.257622,3
23.99639768,96.02256218,474.6000293,499.8408472,9.25144032,9.249199,3
24.02939089,93.05931675,460.8403463,500.8319396,9.26060773,9.25885,3
24.7336997,107.3900869,530.90649,500.5751067,9.258232947,9.257834,3
24.52049275,102.4453433,505.7628542,499.7060862,9.250193106,9.248773,3
25.23908761,99.49881315,491.6881278,500.7896314,9.260216572,9.257575,3
24.96172239,95.42068286,471.0937435,500.0879404,9.253726734,9.257974,3
24.6494184,106.0470173,522.7472483,499.0536756,9.24415266,9.246151,3
24.87939824,97.78743447,484.1856725,501.4763698,9.266563716,9.268325,3
24.20396119,108.1459288,534.2929076,499.8021696,9.251082376,9.250362,3
22.33875204,92.69954237,459.000545,499.3420346,9.246822964,9.252713,3
24.17283249,101.6881717,502.996376,500.3807415,9.256435362,9.253212,3
26.14177621,102.7574818,505.0424593,498.8314981,9.242094694,9.246353,3
26.98646309,97.18955774,478.0582445,499.9339442,9.252301835,9.245923,3
24.1067759,97.45897501,482.4688505,500.7320154,9.259683862,9.263326,3
24.48085834,104.8584754,518.198059,500.1764731,9.25454581,9.260643,3
27.61765011,89.62991177,439.4570996,498.8513088,9.242278213,9.237969,3
23.51166735,102.5614021,506.9751803,499.488512,9.248179099,9.245104,3
26.35161357,96.19743472,474.761353,501.0758706,9.262862652,9.262493,3
23.93620129,97.07230412,480.8753712,500.922426,9.261444259,9.265253,3
25.23631858,106.0896061,525.6219891,502.0907034,9.272237981,9.274469,3
23.67595618,99.71647487,494.3886259,501.1232236,9.263300325,9.263812,3
23.20923831,96.46985592,478.7044369,501.1608029,9.263647646,9.264783,3
24.07212607,100.2484381,494.7366692,499.1477211,9.245023639,9.242925,3
26.32956007,109.6853265,541.2310325,500.9677734,9.261863458,9.268907,3
25.12294669,96.98635814,478.6990426,500.0931179,9.253774636,9.255476,3
22.90381199,93.73298348,463.9288984,499.6160165,9.249359417,9.24449,3
26.16355337,107.1369909,528.5791865,500.7556334,9.259902235,9.269224,3
21.28139038,105.7780471,526.3567807,500.92046,9.261426085,9.266676,3
25.24325609,100.8973004,498.8999898,501.0954841,9.263043937,9.270716,3
23.17277376,93.40641617,461.8887308,499.3846751,9.247217764,9.243904,3
23.77271846,107.7486404,533.8806304,500.8943331,9.261184554,9.259906,3
23.97507071,105.9875897,524.3663818,500.3126826,9.255805837,9.258317,3
24.19458003,104.8674214,518.4124041,500.0999913,9.253838229,9.25188,3
24.12364105,98.78729949,488.1113529,499.7905442,9.250974785,9.253636,3
25.73200159,97.51244788,480.3419115,499.6114044,9.249316724,9.243786,3
22.08046554,99.6684279,495.6111706,501.2519816,9.264490298,9.267265,3
26.33290199,100.1042455,492.6684255,499.666563,9.249827286,9.24373,3
24.73462842,103.4869959,513.7266248,502.6461719,9.277365553,9.275221,3
27.14065068,103.2836341,506.6967024,498.7460986,9.24130354,9.244363,3
26.91953074,95.27353012,468.3194413,499.5430462,9.248683944,9.240802,3
20.9408742,110.5594188,549.9622258,500.4606396,9.257174341,9.25247,3
24.25623781,102.3184482,505.9441553,500.2829632,9.255530928,9.259217,3
25.21681911,100.1930282,495.058721,500.7102863,9.25948295,9.262219,3
25.02177585,104.9366154,518.2242793,500.2833027,9.255534069,9.249193,3
26.23127902,97.79644559,482.1594191,500.462963,9.25719583,9.256109,3
25.11422214,104.2335832,514.7590725,500.3673476,9.256311476,9.267476,3
25.15476912,94.90221517,469.5189104,501.3013519,9.264946536,9.266562,3
24.71372883,90.16871353,446.3058527,501.1613357,9.26365257,9.267631,3
26.19318615,105.3287703,519.9076972,501.0210356,9.2623558,9.267775,3
24.861471,111.0254546,547.5007235,499.4254464,9.247595242,9.240612,3
25.43654482,91.10310356,449.4322246,500.1015395,9.253852553,9.254786,3
24.75770868,101.1401357,498.8787854,499.4642557,9.24795454,9.251733,3
25.05377913,97.49067626,480.4009983,499.2170715,9.245665857,9.24296,3
23.84877851,100.6990638,498.8675615,500.8748234,9.261004192,9.262422,3
26.81119464,100.4031301,493.7324686,499.6535893,9.249707201,9.249387,3
24.26518058,96.85167483,479.675437,501.0879384,9.262974194,9.262567,3
25.51863681,99.10335507,487.5756571,498.8161496,9.241952508,9.239707,3
27.65269244,97.34431841,480.1805502,501.9111624,9.270580018,9.266672,3
24.58850686,89.58946393,441.7221343,499.1163142,9.244732781,9.243915,3
25.27399875,105.4891364,521.1074931,500.6433966,9.258864443,9.263909,3
27.45445381,102.2428506,503.5957591,501.0013068,9.262173435,9.261699,3
24.27689127,99.59044223,491.9980375,499.8363817,9.251398994,9.248933,3
22.09305624,99.12466796,493.0214466,501.3787818,9.265662029,9.269833,3
23.97482495,105.7995445,522.2494477,499.178302,9.245306838,9.246395,3
21.12190273,102.8142609,512.5786332,501.7340532,9.268944221,9.266317,3
24.17594027,103.3468291,510.722054,499.9146856,9.252123624,9.259938,3
25.72332608,99.08654719,488.0944853,499.6027528,9.24923664,9.247501,3
26.6739389,102.5507521,504.4969506,499.7408911,9.250515242,9.254544,3
25.81055951,100.8837896,498.1709218,500.9057001,9.261289637,9.265365,3
23.75391285,100.8757985,498.4541862,499.5031845,9.248314931,9.250798,3
26.69393086,100.3613418,493.1325426,499.1566646,9.245106462,9.243683,3
21.75656592,99.12388937,491.3432722,499.3912618,9.247278748,9.248558,3
24.24207298,99.80053481,492.0647485,498.822595,9.242012217,9.234307,3
27.12985231,99.64058664,492.0993766,502.0785577,9.272125832,9.268065,3
22.33117695,97.4997703,482.6658605,499.2291523,9.245777726,9.24292,3
26.20794174,99.45230124,490.9040515,501.0363215,9.262497093,9.263389,3
25.75817151,109.4432966,540.5653853,500.9795506,9.261972326,9.264521,3
25.33854614,106.3036746,523.8987429,499.5223829,9.248492659,9.255732,3
25.28730643,107.7752287,532.4352099,500.6871077,9.25926863,9.254501,3
28.55229917,97.75555769,480.7127867,501.1013411,9.263098073,9.260801,3
25.69441176,102.6779535,506.5786805,500.3619916,9.256261935,9.258013,3
25.99216008,93.77461492,463.1744959,501.1759235,9.263787393,9.264861,3
24.54328982,94.7787261,469.133545,501.0282133,9.262422147,9.275516,3
23.54996257,96.12153079,475.880537,500.2971728,9.25566237,9.256792,3
25.72481106,103.5582589,510.6244282,500.0961869,9.25380303,9.25206,3
23.88048217,98.48803214,486.6289199,499.5822547,9.249046896,9.237596,3
24.4032451,106.9483936,527.796142,499.4204592,9.247549069,9.247502,3
22.19250097,101.7018802,504.6867249,500.3200554,9.255874036,9.257392,3
26.14588959,109.3289082,539.1550899,500.5196281,9.257719889,9.251325,3
26.27844429,94.39826858,463.2118819,498.1432247,9.235716504,9.236966,3
24.88411059,106.9337947,528.4690002,500.5293666,9.257809951,9.260314,3
23.57767737,100.2919848,496.0461079,499.8352576,9.251388592,9.250047,3
25.15955329,95.09308406,469.2806551,500.0452873,9.253332094,9.263994,3
25.17497603,104.6511007,517.8434049,501.4082723,9.265934523,9.26403,3
24.44915539,103.9447378,514.2021317,500.6557984,9.258979122,9.252405,3
25.11994853,98.30629007,486.7248373,501.6478901,9.268148306,9.27619,3
26.09831059,93.15115264,458.867645,499.9275787,9.252242933,9.256478,3
24.74790933,98.56298509,487.7733097,501.1064014,9.263144844,9.266029,3
25.91993575,107.1285236,529.8246705,501.7709038,9.2692846,9.271878,3
26.53406278,97.82339796,483.3391256,501.8027883,9.269579099,9.28099,3
25.35809471,102.0798292,502.7748536,499.2334864,9.24581786,9.244823,3
27.20019726,96.66735176,475.3950797,500.012499,9.253028716,9.262503,3
24.03131894,95.87109889,473.4753879,499.4735498,9.248040583,9.243911,3
24.45152679,100.1168071,495.1845902,500.5756806,9.258238255,9.251577,3
22.67422908,96.59582755,479.7581409,501.1559543,9.263602834,9.25582,3
27.15480134,101.088895,496.5406661,499.3724163,9.247104264,9.263784,3
25.86269003,101.6391536,501.4163688,500.465698,9.257221124,9.259003,3
23.84422989,98.37011907,485.2273278,498.7100262,9.240969341,9.239564,3
26.18228527,99.08064379,489.9858186,501.9535268,9.270971257,9.266073,3
23.35338853,101.7702365,503.4273417,499.7155733,9.250280914,9.257531,3
28.63326803,104.1690118,511.161353,500.1025672,9.253862061,9.254424,3
27.68866245,104.4752312,512.4637842,499.1242854,9.244806602,9.248712,3
25.48815687,94.78843717,468.6887105,501.2955121,9.26489257,9.266704,3
25.62480665,99.22737072,486.5809252,497.2646898,9.227568767,9.221093,3
25.50174565,105.8936123,522.5479311,500.3004995,9.255693143,9.253691,3
26.29716032,106.6902334,525.5139272,500.0480097,9.253357283,9.254067,3
23.99924112,96.11757527,474.8862145,499.6502481,9.249676274,9.251677,3
24.72849405,103.184033,510.9502758,501.3924069,9.265787927,9.26315,3
28.61245845,92.45475226,452.7222535,499.0306802,9.243939681,9.241143,3
26.61702201,103.2086579,509.1777146,501.1147915,9.26322239,9.263244,3
28.89475327,108.6105937,533.7572549,501.0710251,9.262817865,9.259567,3
25.14321253,94.68625331,468.5818691,501.4322616,9.26615618,9.269327,3
23.28010135,99.66944776,493.013002,499.6311542,9.249499537,9.254115,3
25.87208189,104.6519257,515.5357288,499.7527745,9.250625226,9.252391,3
25.234479,93.1427059,460.5239197,501.0528017,9.262649425,9.255232,3
27.38086753,96.70999395,476.1491798,500.7353655,9.259714838,9.262862,3
22.92485267,103.1789156,509.4538802,498.4329156,9.23840159,9.231749,3
26.75955799,98.5892262,485.112987,499.9201423,9.252174119,9.255518,3
24.38032578,99.65070458,492.993453,500.6318036,9.258757242,9.259868,3
25.23214901,103.7993602,513.2917472,501.1272998,9.263337998,9.262571,3
23.33076194,105.2860991,520.3914078,499.2859898,9.24630403,9.247527,3
22.31497864,103.4103599,510.1644789,497.4978537,9.229731885,9.232792,3
25.61841394,99.22478207,490.5695786,501.3486371,9.265383483,9.268249,3
25.52767625,103.5628656,509.3663406,498.6773058,9.240666185,9.237406,3
24.71195234,97.64002147,480.317107,498.0807335,9.235137184,9.241152,3
22.35673216,102.8270765,507.1891826,497.4371563,9.229168829,9.222217,3
24.61448754,101.8308846,504.2028878,501.2499027,9.264471087,9.263339,3
28.6626977,99.03363231,485.9946929,500.1607536,9.254400384,9.252698,3
24.65088193,94.54490097,466.1137496,499.1244345,9.244807983,9.24293,3
23.18456442,98.75579178,490.8856245,501.9967812,9.271370698,9.270224,3
23.93459026,94.77673047,469.6389433,501.0654765,9.262766579,9.256703,3
25.01214497,94.17429038,466.0216211,501.2934158,9.264873199,9.268846,3
20.91431184,100.4936284,498.0803082,498.6249939,9.240181493,9.248156,3
25.7578552,98.23982507,484.8963003,500.6359041,9.25879516,9.253839,3
25.64413774,103.3627316,508.6297852,499.0176256,9.24381877,9.240568,3
28.08648228,100.2800521,492.6718453,500.2522097,9.255246444,9.242568,3
28.30815902,100.016699,490.8500441,499.8985504,9.251974313,9.245557,3
27.03419478,105.4417581,519.559962,500.8515099,9.26078866,9.266216,3
24.84245519,103.0006794,508.7384493,500.2062861,9.254821615,9.255688,3
23.17533642,98.95854644,491.0830052,501.1618791,9.263657592,9.265987,3
29.21390259,99.48178482,488.2167788,500.6406874,9.258839391,9.259545,3
24.96727659,103.3656116,512.3799141,502.1131888,9.2724456,9.27329,3
25.24723967,98.04484607,483.9142511,500.1877857,9.254650466,9.252682,3
26.05201052,93.63458437,460.6555424,499.2456689,9.245930669,9.256426,3
24.64222022,101.1856372,500.5946243,500.8596238,9.260863673,9.261774,3
25.7383683,110.1566266,542.1699096,499.1962663,9.245473195,9.243828,3
25.22734329,96.40865371,477.260308,501.6655273,9.268311231,9.269497,3
24.19116019,95.49755192,471.6609641,499.6400581,9.249581953,9.24634,3
23.45947892,102.8878507,508.7844343,499.6366324,9.249550245,9.263328,3
23.82899635,99.55281683,491.6400679,499.2851202,9.246295978,9.242052,3
25.00347724,105.8973532,523.4958895,500.7721274,9.260054736,9.266164,3
25.24249429,92.43425176,455.7002465,499.6113769,9.249316469,9.24347,3
23.9680575,104.8218694,518.0390387,499.7665101,9.250752351,9.25421,3
26.97740829,100.0966416,494.4789919,502.0803287,9.272142185,9.276279,3
21.75401031,100.7360137,498.7700624,498.8247513,9.242032193,9.240214,3
27.14731045,102.8060111,506.2588079,500.6357318,9.258793567,9.259644,3
26.78992871,102.9242863,508.1214595,501.6015307,9.267720041,9.266084,3
21.71479634,104.8533147,518.9382285,498.5824668,9.239787443,9.235298,3
24.29215,96.14880728,475.6025909,500.4879262,9.257426702,9.254958,3
23.85103106,102.402949,506.4127933,499.9921915,9.252840813,9.249841,3
24.20026423,97.92413621,484.5938463,500.6270922,9.258713676,9.259095,3
23.69153462,96.56624501,476.961459,499.2433809,9.245909483,9.247285,3
24.34700512,101.1920881,500.961905,500.9466557,9.261668245,9.257526,3
28.8693927,96.4694225,474.7144414,501.7093774,9.268716289,9.271322,3
27.25225076,105.1575184,518.3000003,501.1693582,9.263726716,9.265324,3
26.68361741,99.33823173,489.2335433,500.3017265,9.255704492,9.252695,3
26.48530566,97.08010104,477.6794542,499.6833437,9.249982608,9.255229,3
23.38827564,98.02178958,484.6676021,499.5210339,9.248480171,9.240981,3
23.63544321,100.2558833,497.3406657,501.3689565,9.265571241,9.258181,3
26.0773313,106.5806005,524.6067818,499.5148524,9.248422946,9.256251,3
22.38252844,103.2824948,511.0072684,498.9936751,9.243596937,9.239439,3
27.06025719,97.4301708,479.6460296,500.4171576,9.256772183,9.254396,3
24.39104893,111.0792948,548.588699,499.7804069,9.250880966,9.2503,3
24.68863853,98.187957,484.0205361,499.1006347,9.24458757,9.247327,3
26.37890586,106.8151403,524.2983456,498.3759547,9.237873692,9.243272,3
25.57221624,100.8180799,496.8130019,499.6666124,9.249827744,9.248199,3
24.9985711,100.3000707,495.2021377,500.1377964,9.254187995,9.247712,3
26.48281696,103.0697131,507.3925833,499.9191517,9.252164952,9.251024,3
24.13187798,104.9941643,520.2882091,501.2508005,9.264479384,9.274762,3
25.01441865,104.1604797,514.5308179,500.4127507,9.256731422,9.2627,3
26.08443657,104.3565079,514.6894466,500.5224364,9.257745861,9.260037,3
26.08987709,101.8023866,501.7232983,500.1589925,9.254384091,9.256337,3
24.83895104,100.0765493,494.6779306,500.5901875,9.258372407,9.260431,3
22.71502091,98.90599165,491.2892801,501.2490198,9.264462928,9.261067,3
26.87147142,105.1766523,517.8180038,500.2948239,9.255640642,9.259375,3
24.95733313,101.9669838,503.2422759,499.9147064,9.252123816,9.256334,3
24.57888804,105.2343049,518.954091,499.1994858,9.245503009,9.244734,3
27.04040419,108.1924278,530.807166,498.6896471,9.240780529,9.245026,3
24.51952557,100.5592572,497.6222602,500.8837808,9.261087001,9.263502,3
23.81958294,98.89973628,489.7057435,500.5968208,9.258433749,9.257431,3
23.07242023,100.137117,496.5345461,500.6744017,9.259151142,9.257069,3
25.82807169,103.5206276,509.6867966,499.4456028,9.247781853,9.24462,3
23.68378625,98.39150761,488.5683018,501.8990526,9.27046818,9.265724,3
29.15710272,105.6566168,517.7040173,499.8055208,9.251113391,9.252056,3
21.87763058,101.193439,503.0372498,500.9232325,9.261451715,9.263276,3
26.91378757,103.4846149,509.8956758,500.7308776,9.259673342,9.258133,3
26.2468367,92.81950457,456.8372059,499.6177542,9.249375501,9.246681,3
24.86464446,98.00147218,484.29496,500.4816872,9.257369002,9.259518,3
22.65311921,102.3237652,507.9315865,500.8666573,9.260928698,9.256754,3
26.33427043,88.87100515,438.2663782,500.6763872,9.259169501,9.257697,3
24.64205181,104.9858482,518.9185204,500.3996524,9.256610275,9.258474,3
26.68705286,95.36733161,469.4234792,500.0343802,9.253231176,9.25729,3
25.52032672,114.4233879,567.3563634,502.7235207,9.278079341,9.28731,3
25.4683274,111.202128,549.8769287,501.3057292,9.264986985,9.25742,3
25.08667054,98.28949181,486.1272062,501.0896093,9.262989638,9.264128,3
24.68796679,100.0217474,493.6927581,499.7403158,9.250509917,9.246774,3
25.946532,108.0906409,533.8199854,501.0769952,9.262873046,9.271203,3
22.3400874,106.001197,526.8516579,501.2346413,9.264330049,9.267095,3
23.63182973,91.5300686,452.8138466,499.9960845,9.252876835,9.251422,3
26.67642175,96.01782494,472.3321498,499.7152842,9.250278239,9.253653,3
24.65471913,101.6370352,501.9389196,499.9846943,9.252771441,9.252297,3
25.63851158,102.5383417,502.1991528,496.6651324,9.2220042,9.212016,3
24.72567832,104.2104204,514.3429048,499.7481166,9.250582116,9.255394,3
26.22741591,107.1620377,527.471073,499.642348,9.24960315,9.253653,3
24.56582596,93.91624142,465.5939101,501.8334278,9.26986209,9.267778,3
25.31118067,89.96481288,444.000565,500.2035926,9.254796697,9.265098,3
25.2261684,106.0938058,522.3820512,498.967573,9.243355171,9.24626,3
23.37045324,100.2572435,496.3728087,500.1630321,9.254421463,9.250435,3
25.69781443,93.25181026,459.2419365,499.4607314,9.247921912,9.255049,3
22.31873976,99.02062628,491.5671172,500.6162736,9.258613634,9.255461,3
27.24368988,107.346825,528.2001468,500.3187226,9.255861707,9.252909,3
24.59666327,98.64982968,488.2950103,501.073502,9.262840759,9.268488,3
24.69378279,97.69833089,482.0681292,499.5829222,9.249053075,9.250862,3
25.77318428,100.2472267,494.8132899,500.6576162,9.25899593,9.255493,3
28.31094236,101.8259898,498.475573,498.6465351,9.240381085,9.245565,3
27.90451513,96.51576351,474.9651008,500.9311749,9.261525137,9.260142,3
22.26035174,98.17100829,487.5962425,500.8203784,9.260500843,9.256316,3
23.05401826,103.2116967,511.5133805,500.3980316,9.256595284,9.257848,3
24.21531126,101.5737435,502.2207806,500.2077442,9.254835104,9.253797,3
26.0105453,101.9885183,502.7234317,500.1750707,9.254532837,9.253128,3
25.18097368,91.16028592,450.9613489,501.273624,9.264690302,9.262056,3
24.19016102,98.88077243,488.747651,500.0249297,9.253143734,9.254761,3
26.11154837,91.97438368,453.3289602,500.2234828,9.2549807,9.245661,3
24.34274623,98.61187849,486.464827,499.1745578,9.245272165,9.247556,3
24.32490951,106.6880775,526.4815822,499.3263705,9.246677929,9.248605,3
23.74079292,93.89452903,464.4341426,500.0048933,9.252958341,9.252082,3
21.68772591,101.3672407,504.4329073,501.2903573,9.264844935,9.261521,3
23.58087958,104.6624666,517.3890097,499.5737888,9.248968528,9.259571,3
23.14563336,104.2797594,516.7095552,500.3813752,9.256441223,9.255647,3
25.30748802,98.10542611,483.3885896,499.3863237,9.247233027,9.246921,3
24.05930362,97.28310355,480.554076,499.6065077,9.249271398,9.25595,3
30.07881701,91.42098848,447.6070817,500.18229,9.254599624,9.255308,3
25.73689047,101.0038025,496.8016254,498.8738687,9.242487196,9.23691,3
26.0919101,106.85174,527.8939263,501.3815102,9.26568724,9.270374,3
25.02167202,99.04820318,488.2605416,499.3789777,9.247165014,9.244794,3
27.13665066,101.3563065,499.6692292,501.1778639,9.263805326,9.258352,3
25.46651666,102.7473884,505.6722783,498.9388306,9.243088941,9.241051,3
25.83961034,98.54700046,486.7228197,501.0238335,9.262381662,9.265106,3
28.99670204,98.73865337,484.6827885,500.5775468,9.258255513,9.261874,3
23.75443579,102.2299642,505.8120571,500.162757,9.254418918,9.244421,3
26.63936312,101.6093766,499.3913801,499.2377339,9.245857192,9.248126,3
23.41280042,101.911141,504.7177435,500.3538943,9.256187038,9.263906,3
26.6757243,96.23131076,472.8993686,499.2048742,9.245552907,9.239921,3
27.62428659,106.3235136,522.420579,499.9232642,9.252203008,9.248415,3
24.25195302,101.8259517,504.5269656,501.2909357,9.26485028,9.256201,3
28.23228687,97.59538348,479.6129069,500.5096872,9.257627954,9.258278,3
26.19432974,103.7955806,512.0940954,500.781714,9.260143371,9.261451,3
25.52758812,96.71655995,476.1689937,499.1759208,9.245284787,9.238919,3
25.58162459,96.7184377,477.927385,501.0548638,9.262668485,9.25927,3
26.70478727,94.06395093,462.9332489,499.9685537,9.25262209,9.241099,3
25.475862,92.13341829,452.5498631,497.9720874,9.234129901,9.241161,3
21.75464604,101.5164185,504.4140239,500.5917764,9.258387101,9.259896,3
23.55046742,92.36306098,457.2856272,500.3113875,9.255793858,9.255699,3
24.70094445,94.80322978,469.3810453,501.295659,9.264893928,9.266638,3
24.66637319,91.77411956,452.4318892,499.1134866,9.244706594,9.242087,3
25.51169241,100.8146043,494.4260245,497.2326884,9.227271843,9.228741,3
24.3118134,101.3477523,500.9235179,500.1093218,9.253924554,9.242454,3
23.03465428,97.59368469,483.5784485,500.2862162,9.255561019,9.252061,3
24.5417565,93.62328751,461.2126831,498.6465257,9.240380997,9.225356,3
26.58592059,93.42697616,459.7813961,499.8509669,9.251533971,9.252888,3
26.00151549,101.0830736,500.9960982,502.913793,9.279834973,9.281822,3
25.62800746,97.29394964,479.7906563,500.0717302,9.253576754,9.252322,3
26.11897642,99.92544115,493.1774791,500.8988675,9.261226473,9.25664,3
25.22465281,94.06677193,464.2457043,500.1320139,9.254134496,9.248461,3
25.23413232,100.0120093,491.0661459,497.5855306,9.230545153,9.225704,3
23.61389643,105.7759654,523.371317,500.0581281,9.253450903,9.253776,3
24.33804798,103.7347221,512.0195272,499.4467322,9.247792309,9.251631,3
25.49780109,97.43549862,479.6097055,499.0481503,9.244101486,9.245494,3
25.38726866,100.4028002,495.4229726,500.1745978,9.254528461,9.25167,3
23.68838219,97.38394268,482.2193986,500.5061176,9.257594942,9.258606,3
23.63831266,100.1686424,495.5134658,499.964432,9.252583951,9.25599,3
26.11575228,97.20069852,477.8217799,498.9041356,9.242767564,9.237408,3
24.80137682,100.6889148,498.7558726,501.6156746,9.267850704,9.267833,3
25.52523165,97.47664043,478.9489755,498.1731757,9.23599415,9.233617,3
25.94948292,95.50730586,469.0616723,498.3026799,9.237194558,9.239698,3
25.16061795,96.73869937,478.0682763,500.744371,9.259798103,9.258921,3
27.93331872,95.01349882,467.4233688,500.79559,9.260271664,9.255065,3
24.2804373,99.18498291,490.2221903,500.0711345,9.253571243,9.258142,3
24.71287609,96.03046928,472.9682522,498.681396,9.240704081,9.235293,3
23.27130127,98.82974083,489.2645086,500.0377586,9.253262435,9.2555,3
23.0959009,96.43792144,477.8062263,500.2904087,9.255599801,9.251065,3
23.44813986,98.70196519,487.1257995,498.64513,9.240368066,9.242365,3
25.63354565,100.1776555,492.7204138,498.7697078,9.241522266,9.244152,3
24.76342083,90.65987103,448.3258725,500.7440276,9.259794928,9.255595,3
25.79774116,104.6506829,518.364263,502.4382136,9.275446206,9.282937,3
24.42936778,102.344114,505.34579,499.7113667,9.25024198,9.255167,3
24.45739674,95.99101747,475.4485543,501.2874536,9.264818102,9.270338,3
24.55049817,100.6096505,495.6936089,498.7185226,9.241048059,9.243663,3
28.4796323,100.2517098,492.8736222,500.9251404,9.261469352,9.254299,3
26.06746165,99.94819597,491.6034006,499.1435051,9.244984595,9.242798,3
26.44636882,98.80712046,486.2996778,499.7767519,9.250847139,9.252801,3
22.20326527,94.65587771,469.560377,500.1574965,9.254370252,9.256264,3
23.88671385,99.6328647,493.9493454,501.2759872,9.26471214,9.256531,3
25.8950812,100.4425505,494.4098604,499.3784095,9.247159753,9.243161,3
25.0650783,99.39687582,490.9970678,500.4526602,9.257100542,9.253791,3
25.95783592,91.60853261,451.2963293,499.8409213,9.251441006,9.252546,3
24.2256246,98.04263696,484.6020703,500.0518102,9.253392448,9.258957,3
27.27166007,102.967495,506.4032658,500.0967242,9.253808002,9.257212,3
28.3797052,99.92263351,489.4683662,499.0198802,9.243839653,9.247672,3
24.06824022,98.11962443,485.5894188,500.5449743,9.257954291,9.26442,3
24.55823722,97.4147303,481.1394158,499.9582833,9.252527056,9.263934,3
27.6115322,108.2950827,532.1358082,499.9388994,9.252347689,9.254574,3
26.65155891,97.98909008,482.5667573,500.2517981,9.255242637,9.257431,3
25.37390924,102.0262332,504.2839908,501.0083071,9.262238144,9.271494,3
24.39577868,106.8304629,529.0694707,501.1716854,9.263748224,9.267966,3
24.6914603,101.3906183,500.2638132,499.5580164,9.248822524,9.249032,3
23.61448505,95.98215992,475.8043068,500.9978378,9.262141369,9.261763,3
23.89693418,96.23787984,474.9224237,498.9777777,9.243449691,9.240583,3
24.30864133,107.4701281,531.5561106,500.4569006,9.25713976,9.254137,3
24.16364678,93.96011414,465.4134472,501.0659048,9.262770538,9.261832,3
24.58864464,95.832735,471.7734033,498.3439758,9.237577308,9.235762,3
25.72244974,98.01009255,483.3378749,500.1669709,9.254457903,9.242085,3
26.56795608,108.9588882,535.4933819,499.1601015,9.24513829,9.237764,3
23.68388872,104.9709884,519.1364711,499.8745584,9.251752291,9.251273,3
26.5515611,100.7653774,497.2453548,501.1825483,9.263848619,9.271233,3
24.62292909,98.64067876,486.5673142,499.3689375,9.247072054,9.246945,3
24.9294013,98.3339564,484.9332509,499.5011264,9.248295879,9.247534,3
24.70084245,94.32755893,465.7413627,499.9167276,9.25214252,9.247248,3
23.00437329,107.0694271,530.71852,500.4375368,9.256960669,9.252812,3
25.7432483,92.37746838,454.8654079,499.4211671,9.247555623,9.247492,3
25.46957061,107.0686746,529.7290345,501.5826696,9.267545799,9.265159,3
25.06792054,101.3183137,500.6008989,500.5674198,9.258161862,9.251444,3
26.48303385,103.385713,507.9104174,498.8999697,9.242728975,9.237482,3
28.13331907,96.67371709,474.0817312,499.3722265,9.247102507,9.23769,3
24.87048292,98.3844866,485.0949769,499.3617226,9.247005253,9.246935,3
24.62390034,93.38914734,461.7145844,500.5097431,9.257628471,9.256453,3
23.68061873,97.00481278,477.6054405,497.6481233,9.231125703,9.229491,3
25.59826749,103.8412872,514.7006057,502.6079487,9.277012803,9.277774,3
23.24869169,103.1745267,511.6890282,500.9147258,9.261373075,9.260919,3
27.57289043,96.21245559,472.9051592,500.0553003,9.253424739,9.249904,3
27.98119311,101.1738946,497.8605953,500.9670902,9.261857143,9.260089,3
23.7409154,98.56841039,489.5021476,502.0041896,9.271439111,9.273057,3
24.89581562,93.18100541,460.3777532,500.4036744,9.256647475,9.254035,3
25.61958845,102.1043477,504.4475304,500.9933924,9.262100277,9.266491,3
24.48818566,99.66348909,492.5819388,500.2403959,9.25513716,9.248462,3
26.24463911,99.80665386,491.4752915,499.8690431,9.251701253,9.254679,3
25.30365298,97.32977392,480.2525422,500.0972263,9.253812647,9.263939,3
23.43449003,98.01039928,484.788167,499.7422971,9.250528254,9.251219,3
28.01637434,97.96723576,480.5571273,499.412545,9.247475797,9.253293,3
26.48241753,100.7002807,494.1342428,498.3112677,9.237274155,9.23686,3
25.15907215,99.52978309,491.0864344,499.954117,9.252488503,9.261592,3
23.27157867,96.67053657,476.9456691,498.335386,9.237497695,9.241515,3
26.30320774,99.80092709,491.7182595,500.193776,9.254705884,9.252813,3
26.44671404,105.0411072,517.1649506,499.9543537,9.252490694,9.253584,3
25.26959159,101.8291836,502.5364981,500.1508964,9.254309191,9.250726,3
27.80719609,106.6424339,523.449703,499.5619059,9.24885853,9.246299,3
24.00530066,93.36449681,464.4515155,503.086198,9.281425457,9.277708,3
23.74136336,101.7478192,504.9070037,501.6226127,9.267914797,9.262085,3
22.79999544,91.63647269,453.1302167,499.0635681,9.244244281,9.241594,3
24.58835034,93.12306483,460.104528,500.1596746,9.254390401,9.246838,3
26.0330411,97.1803965,478.8119338,499.9733135,9.252666133,9.248885,3
28.83859965,103.1482305,504.754937,498.8915016,9.242650534,9.249768,3
23.90195703,102.1270506,503.3712783,498.3745877,9.237861023,9.231524,3
25.27876552,99.83645978,493.2813227,500.7464501,9.259817327,9.259828,3
23.81278701,94.65358322,467.4470591,499.2733973,9.246187429,9.232417,3
26.27818736,99.04021936,489.0349688,501.2642135,9.264603337,9.266267,3
29.61403736,96.93033757,475.2213231,500.4726816,9.257285713,9.254222,3
25.51538396,96.66074461,478.5883771,501.9916512,9.271323324,9.268099,3
23.44007918,91.61109531,452.956069,499.5493013,9.248741848,9.252268,3
26.22189312,97.55410178,480.7436653,500.2252226,9.254996795,9.258005,3
26.10303292,94.44867926,465.6849142,500.3888211,9.256510093,9.252287,3
28.08018186,101.3457033,497.887961,500.2275016,9.255017878,9.250546,3
25.36868964,90.362993,445.0342996,499.2070141,9.245572723,9.244043,3
24.87910765,102.3281797,506.7527642,501.5592652,9.267329579,9.262994,3
25.63060274,100.0021515,492.824049,499.7476802,9.250578077,9.252046,3
26.75221617,104.3644259,514.3690882,500.7307343,9.259672017,9.259583,3
26.74043646,103.2539446,507.4616514,499.3096081,9.246522722,9.249606,3
25.86572775,98.26915232,483.5581398,499.1953635,9.245464835,9.242824,3
26.37272262,98.53665241,484.4789069,499.2108267,9.245608029,9.235227,3
26.77173603,92.99878446,457.3208318,499.6198926,9.249395295,9.24905,3
27.10696627,99.64432625,489.384704,499.2710688,9.246165867,9.253015,3
25.79555656,112.0590027,552.911922,500.4921742,9.257465989,9.253478,3
24.65522583,101.6055922,499.8316701,498.0401491,9.234760929,9.232124,3
26.51905591,106.4915897,523.6663795,499.4044068,9.24740045,9.246086,3
27.33045304,101.3424683,499.1452035,500.8821738,9.261072145,9.261592,3
23.65298625,102.2932164,507.1917954,501.1313321,9.263375267,9.269283,3
26.17572577,97.88450052,481.9864992,499.7870571,9.250942513,9.254083,3
24.25962716,98.83128616,486.883656,498.4255523,9.23833335,9.233878,3
26.02296071,105.7366122,520.0956868,499.1270062,9.2448318,9.241953,3
27.29490944,97.08878545,477.5186529,500.1447749,9.254252557,9.254982,3
25.30617199,103.6247678,511.8015723,500.5763947,9.258244858,9.256915,3
25.50544252,100.4130457,496.2047168,501.0118562,9.26227095,9.264025,3
21.88205867,104.6693396,518.9903449,499.6506282,9.249679793,9.247233,3
25.37430475,92.31260128,453.6934127,498.1766534,9.236026388,9.23966,3
25.17278252,101.6435911,502.5228553,500.9692479,9.261877089,9.260914,3
28.45208941,99.76721789,488.7327999,499.1060523,9.244637744,9.249186,3
25.9377189,93.46826106,460.4666344,499.833468,9.25137203,9.25001,3
27.1022006,101.7910434,502.1630223,501.4992657,9.266775256,9.262723,3
25.95261385,102.7759746,507.8992866,501.4044011,9.265898754,9.264093,3
27.84181328,98.33607795,483.5373749,500.4797911,9.257351466,9.261629,3
23.6062634,95.57495164,471.7682371,498.8576037,9.242336526,9.240472,3
25.11152694,103.5298386,511.0570359,500.143342,9.254239301,9.25194,3
25.42100695,99.49913079,492.2391046,501.5020125,9.266800634,9.260714,3
24.91427799,103.7305881,511.3151243,499.2623339,9.246084985,9.245606,3
24.30424171,104.1945134,516.684793,501.7448812,9.269044237,9.261705,3
25.03706706,102.5540828,507.3358389,501.1630319,9.263668246,9.258221,3
25.22597277,106.1843485,526.2563379,502.2394179,9.273611054,9.266085,3
24.12115974,102.5869496,507.6615915,500.553633,9.258034365,9.25247,3
24.49489724,98.42489938,487.1746185,500.9806288,9.261982293,9.264294,3
24.22925393,93.62535421,464.2342814,501.6387839,9.268064185,9.278205,3
28.44813195,99.33286689,487.5984203,500.1216808,9.254038898,9.250788,3
22.1256812,99.35893301,492.248995,499.4405471,9.247735047,9.255192,3
22.36390159,103.8087611,514.6148822,499.953174,9.252479777,9.2493,3
25.45131465,102.4793609,505.9325948,500.4885517,9.257432487,9.261281,3
28.27400577,98.63875963,483.5002101,499.2637355,9.246097964,9.246082,3
26.4701352,102.8599169,506.6324212,500.1777235,9.254557378,9.254298,3
23.34503851,104.6244339,518.8905478,501.0065366,9.262221777,9.252323,3
28.29426002,105.4010464,515.0839643,497.7699269,9.232255332,9.229988,3
22.57899631,101.9715342,507.1549094,501.7653573,9.269233369,9.264277,3
21.7223298,105.1539877,522.5549588,500.628161,9.258723559,9.252916,3
27.74327919,102.1924376,502.3435853,500.2422679,9.255154477,9.253439,3
23.21969092,104.6985894,519.2327138,500.8759148,9.261014282,9.270276,3
23.75845552,103.9900584,514.9373696,500.5712581,9.258197357,9.25187,3
26.51330455,94.4097931,465.7015059,500.9558092,9.261752861,9.253841,3
26.28004081,95.52327437,471.9423529,501.5560527,9.2672999,9.263226,3
24.32736942,96.32478279,475.475235,499.469379,9.248001971,9.243805,3
23.41058131,103.7097535,513.6654322,500.3909989,9.256530236,9.252869,3
26.11494957,104.1878979,513.5271282,500.2257927,9.255002069,9.258548,3
26.27714697,99.09306244,488.3391185,500.2831656,9.2555328,9.253468,3
24.693842,90.25777632,444.8424458,499.0084979,9.243734229,9.243507,3
28.33613441,99.19923108,488.9555265,502.0960023,9.272286909,9.271307,3
23.2176651,101.5585121,504.2794642,501.4901428,9.266690968,9.266062,3
23.09453754,102.5209385,506.9200088,499.2798909,9.246247556,9.242938,3
24.04019078,95.93047305,473.5164612,499.2151643,9.245648196,9.249596,3
25.87615866,98.70623448,485.8161608,499.3142983,9.24656615,9.247567,3
25.42646388,91.82293057,453.067514,500.1860758,9.254634647,9.255348,3
23.40837156,104.6731663,518.532503,500.4811851,9.257364357,9.257634,3
26.57452422,98.41768747,485.9112145,501.4607484,9.266419385,9.270944,3
22.54339164,109.8697289,545.3907894,500.7749477,9.260080812,9.256825,3
26.77532215,105.5240413,520.7723536,501.4124474,9.2659731,9.264131,3
24.53002726,95.97957375,474.7636775,500.6861237,9.259259531,9.258793,3
27.80677232,101.2491854,496.486321,499.068143,9.244286651,9.241023,3
24.01233236,101.6926063,502.7384635,499.9673605,9.252611049,9.252852,3
28.13844123,98.76888174,486.3585845,501.4408638,9.266235661,9.269986,3
26.74669353,106.9385754,526.3072598,500.014782,9.25304984,9.241232,3
25.93899203,98.73307765,487.8482943,501.319236,9.265111799,9.268496,3
26.02291364,95.62444472,470.8372001,499.637488,9.249558164,9.258308,3
27.30789435,106.5445833,523.6550827,499.8017774,9.251078746,9.254396,3
25.78562358,99.33927791,489.7628003,500.0871223,9.253719165,9.260586,3
26.64741733,101.1622434,498.0422574,500.0963942,9.253804948,9.247294,3
25.38209981,100.2132601,494.2746316,499.9547361,9.252494232,9.248934,3
27.32736133,101.1347537,497.2494336,500.0020592,9.252932118,9.255541,3
23.93740773,102.1494499,504.604554,499.515874,9.248432404,9.244382,3
27.68795569,91.5007001,451.1265566,501.6864017,9.268504057,9.274652,3
24.89358186,104.6198938,516.4857857,500.0069309,9.252977195,9.255891,3
23.80416492,105.9026926,525.3147709,501.4750833,9.26655183,9.26513,3
25.73732416,94.78670878,469.1632011,502.0214619,9.271598608,9.280406,3
21.87313104,95.65365295,474.7390963,500.1191807,9.254015767,9.253712,3
26.85289091,98.85361638,485.829633,499.3973086,9.247334732,9.248497,3
24.26711618,104.5213428,513.9195011,497.467983,9.229454795,9.2366,3
24.41669328,103.4454012,509.9263611,498.8620574,9.242377783,9.243302,3
21.97430006,101.1778172,500.5796423,498.6345894,9.240270402,9.241305,3
25.26462506,104.7523773,518.9552734,502.0744625,9.272088017,9.266797,3
22.17482586,104.2965908,517.7672354,500.5027508,9.257563805,9.258375,3
22.14448751,103.5593716,514.2969489,500.6615618,9.259032415,9.258342,3
26.5459112,96.40099887,472.8112883,498.125472,9.235551932,9.232059,3
25.54995769,106.1782916,522.2370274,498.7025013,9.240899623,9.233884,3
24.70347272,109.3071653,541.489855,501.5740568,9.26746623,9.278469,3
23.17949787,114.2732111,566.9903225,501.0841852,9.262939504,9.259107,3
25.67522807,96.28347119,474.8640484,500.1706688,9.254492113,9.252742,3
25.80943998,97.86175318,483.573218,501.2419634,9.264397717,9.266554,3
23.74726703,89.9515126,446.4030783,501.6650533,9.268306853,9.276562,3
27.89891929,102.1671788,501.5852831,499.7398235,9.25050536,9.252312,3
26.80317715,98.19394356,483.4822132,500.2816472,9.255518755,9.265874,3
24.28744254,105.6333757,522.5590923,500.5230792,9.257751806,9.258363,3
25.46427067,101.9248935,505.180372,502.4739136,9.275775727,9.283737,3
26.01288136,96.47605596,473.7305505,498.2619742,9.236817263,9.242309,3
22.60311619,99.51918168,494.1584981,500.9751399,9.261931554,9.254669,3
25.62091895,92.44212264,455.6092575,499.7857057,9.250930006,9.241682,3
24.60825151,102.7799799,508.5750473,500.9224096,9.261444108,9.259998,3
23.86115614,90.03583089,445.0765099,499.8016859,9.251077899,9.256321,3
25.48096224,100.4687914,495.6984484,500.2024758,9.254786365,9.251338,3
27.77663885,92.4042578,455.1245427,501.257205,9.26453857,9.256708,3
25.3998583,96.43528763,478.4739785,502.9476891,9.280147694,9.282638,3
24.12093129,107.4418655,532.3186064,501.1484213,9.263533212,9.270622,3
25.40019719,101.3320735,498.8241777,499.0008502,9.243663395,9.242201,3
